id,name,company,wallet
1,John Doe,ABC Inc.,100.00
2,Jane Smith,XYZ Corp.,150.25
3,Michael Johnson,123 Industries,75.50
4,Sarah Brown,Acme Co.,200.75
5,Chris Wilson,Beta Corporation,50.00
6,Amy Taylor,Gamma Corp.,300.00
7,David Lee,Omega Ltd.,125.00
8,Emily Miller,Delta Enterprises,80.25
9,James Anderson,Phoenix Group,175.50
10,Laura Martinez,Golden Ventures,90.75
11,Robert Garcia,Silver Star Inc.,60.00
12,Amanda Clark,Red Rock Co.,400.00
13,Daniel Scott,Green Energy LLC,95.00
14,Megan White,Blue Ocean Ltd.,180.25
15,Matthew Hall,Orange Innovations,120.50
16,Jennifer King,Violet Solutions,250.75
17,Andrew Perez,Black Diamond Corp.,30.00
18,Stephanie Nguyen,Yellow Sun Enterprises,350.00
19,Joshua Rivera,Purple Sky Group,85.25
20,Kelly Evans,White Wave Inc.,220.50
21,Justin Wright,Techno Innovations,130.75
22,Nicole Turner,Magenta Industries,55.00
23,Brandon Moore,Dynamic Ventures,275.25
24,Michelle Hill,Superior Solutions,70.50
25,Aaron Taylor,Infinite Enterprises,190.75
26,Samantha Jackson,Evergreen Corp.,325.00
27,Eric Adams,Innovative Ideas Ltd.,110.25
28,Rebecca Lewis,Peak Performance,45.50
29,Patrick Campbell,New Horizons Group,150.75
30,Ashley Perez,Global Enterprises,240.00
31,Kevin Cook,Endless Innovations,65.25
32,Hannah Ward,Dynamic Designs,135.50
33,Jason Cooper,Paragon Partners,265.75
34,Courtney Brooks,Alpha Solutions,40.00
35,Joseph Long,Bravo Ventures,400.25
36,Tiffany Morris,Charlie Co.,95.50
37,Ryan Bailey,Delta Dynamics,200.75
38,Christina Kelly,Elite Innovations,80.00
39,Brian Torres,Future Industries,275.25
40,Lisa Reed,Legacy Corp.,120.50
41,Nathan Morris,Maximus Solutions,230.75
42,Alyssa James,Prime Enterprises,55.00
43,Peter Murphy,Omega Dynamics,310.25
44,Melissa Coleman,Quantum Ventures,75.50
45,Jonathan Wood,Sunrise Industries,180.75
46,Victoria Stewart,Dynamic Solutions,250.00
47,Mark Foster,Visionary Ventures,110.25
48,Lauren Ross,Skyline Innovations,65.50
49,Dylan Price,United Enterprises,165.75
50,Brianna Bell,Spectrum Corp.,210.00
